report_date,client_hash_id,content_hash_id,month,gsc_impressions,ctr,model_score,baseline_score,reason
2026-06-23,client_a60a11451483af1c,content_c6303a503d25dfe5,2026-06,5.0,0.4,1.0,1.791759469228055,low_engagement
2026-06-23,client_a60a11451483af1c,content_45305a97d5510d66,2026-06,5.0,0.4,1.0,1.791759469228055,low_engagement
2026-06-23,client_a60a11451483af1c,content_2f7a8fee492eb8f3,2026-06,5.0,0.4,1.0,1.791759469228055,low_engagement
2026-06-23,client_a60a11451483af1c,content_62fa64ce6cfdebbd,2026-06,5.0,0.4,1.0,1.791759469228055,low_engagement
2026-06-23,client_a60a11451483af1c,content_14428ffa149e04c8,2026-06,5.0,0.4,1.0,1.791759469228055,low_engagement
2026-06-23,client_a60a11451483af1c,content_9e81d51dfe29ad08,2026-06,5.0,0.4,1.0,1.791759469228055,low_engagement
2026-06-23,client_a60a11451483af1c,content_7ba79d092b9f4432,2026-06,5.0,0.4,1.0,1.791759469228055,low_engagement
2026-06-23,client_a60a11451483af1c,content_d773faf555d34a11,2026-06,5.0,0.4,1.0,1.791759469228055,low_engagement
2026-06-23,client_a60a11451483af1c,content_711b4a53df59ff7a,2026-06,5.0,0.4,1.0,1.791759469228055,low_engagement
2026-06-23,client_a60a11451483af1c,content_cc47911b74ccc368,2026-06,5.0,0.4,1.0,1.791759469228055,low_engagement
2026-06-23,client_a60a11451483af1c,content_48921090d1a6557f,2026-06,5.0,0.4,1.0,1.791759469228055,low_engagement
2026-06-23,client_a60a11451483af1c,content_6f41f51160c770a7,2026-06,5.0,0.4,1.0,1.791759469228055,low_engagement
2026-06-23,client_a60a11451483af1c,content_2935c97816427f03,2026-06,5.0,0.4,1.0,1.791759469228055,low_engagement
2026-06-23,client_a60a11451483af1c,content_622bf57b3af39b40,2026-06,5.0,0.4,1.0,1.791759469228055,low_engagement
2026-06-23,client_a60a11451483af1c,content_342d853be0b58953,2026-06,5.0,0.4,1.0,1.791759469228055,low_engagement
2026-06-23,client_a60a11451483af1c,content_6a28e1e6937ced05,2026-06,5.0,0.4,1.0,1.791759469228055,low_engagement
2026-06-23,client_a60a11451483af1c,content_295b088bda84d572,2026-06,5.0,0.4,1.0,1.791759469228055,low_engagement
2026-06-23,client_a60a11451483af1c,content_cd60ba04127ff74a,2026-06,5.0,0.4,1.0,1.791759469228055,low_engagement
2026-06-23,client_a60a11451483af1c,content_4d66eec532021e36,2026-06,5.0,0.4,1.0,1.791759469228055,low_engagement
2026-06-23,client_a60a11451483af1c,content_40e7cf49f30cf396,2026-06,5.0,0.4,1.0,1.791759469228055,low_engagement
2026-06-23,client_a60a11451483af1c,content_77cceee5f28c58fc,2026-06,5.0,0.4,1.0,1.791759469228055,low_engagement
2026-06-23,client_a60a11451483af1c,content_b4f90b585eec203b,2026-06,5.0,0.4,1.0,1.791759469228055,low_engagement
2026-06-23,client_a60a11451483af1c,content_d2ef7bdc11dfbba9,2026-06,5.0,0.4,1.0,1.791759469228055,low_engagement
2026-06-23,client_a60a11451483af1c,content_76f5ef87b12f450f,2026-06,5.0,0.4,1.0,1.791759469228055,low_engagement
2026-06-23,client_a60a11451483af1c,content_d2a6bb088e72b7e3,2026-06,5.0,0.4,1.0,1.791759469228055,low_engagement
2026-06-23,client_a60a11451483af1c,content_43c5121a35e33ada,2026-06,5.0,0.4,1.0,1.791759469228055,low_engagement
2026-06-23,client_a60a11451483af1c,content_fb4f3bcb75c3b651,2026-06,5.0,0.4,1.0,1.791759469228055,low_engagement
2026-06-23,client_a60a11451483af1c,content_82bb89d893ea025f,2026-06,5.0,0.4,1.0,1.791759469228055,low_engagement
2026-06-23,client_a60a11451483af1c,content_6a86369f0b75d553,2026-06,5.0,0.4,1.0,1.791759469228055,low_engagement
2026-06-23,client_a60a11451483af1c,content_74e026f81aff3c12,2026-06,5.0,0.4,1.0,1.791759469228055,low_engagement
2026-06-23,client_a60a11451483af1c,content_b597b86548192cef,2026-06,5.0,0.4,1.0,1.791759469228055,low_engagement
2026-06-23,client_a60a11451483af1c,content_5533bc6b846ce94e,2026-06,5.0,0.4,1.0,1.791759469228055,low_engagement
2026-06-23,client_a60a11451483af1c,content_5d6c46857b3d00d3,2026-06,5.0,0.4,1.0,1.791759469228055,low_engagement
2026-06-23,client_a60a11451483af1c,content_8dc4e997c8b5a951,2026-06,5.0,0.4,1.0,1.791759469228055,low_engagement
2026-06-23,client_a60a11451483af1c,content_dc994b6ae020273d,2026-06,5.0,0.4,1.0,1.791759469228055,low_engagement
2026-06-23,client_a60a11451483af1c,content_768d75226af9de96,2026-06,5.0,0.4,1.0,1.791759469228055,low_engagement
2026-06-23,client_a60a11451483af1c,content_ff59d0a95c6c1298,2026-06,5.0,0.4,1.0,1.791759469228055,low_engagement
2026-06-23,client_a60a11451483af1c,content_80047e08943254cd,2026-06,5.0,0.4,1.0,1.791759469228055,low_engagement
2026-06-23,client_a60a11451483af1c,content_5a0757355f26ad89,2026-06,5.0,0.4,1.0,1.791759469228055,low_engagement
2026-06-23,client_a60a11451483af1c,content_ccfb4396531c027c,2026-06,5.0,0.4,1.0,1.791759469228055,low_engagement
2026-06-23,client_a60a11451483af1c,content_46d59a1f33d50a84,2026-06,5.0,0.4,1.0,1.791759469228055,low_engagement
2026-06-23,client_a60a11451483af1c,content_75def07af4136136,2026-06,5.0,0.4,1.0,1.791759469228055,low_engagement
2026-06-23,client_a60a11451483af1c,content_9e3d79b772a651c2,2026-06,5.0,0.4,1.0,1.791759469228055,low_engagement
2026-06-23,client_a60a11451483af1c,content_9de528e766d683a0,2026-06,5.0,0.4,1.0,1.791759469228055,low_engagement
2026-06-23,client_a60a11451483af1c,content_7011840d98a73697,2026-06,5.0,0.4,1.0,1.791759469228055,low_engagement
2026-06-23,client_a60a11451483af1c,content_ed5eb0fbf1c23e55,2026-06,5.0,0.4,1.0,1.791759469228055,low_engagement
2026-06-23,client_a60a11451483af1c,content_562d34abc366321e,2026-06,5.0,0.4,1.0,1.791759469228055,low_engagement
2026-06-23,client_a60a11451483af1c,content_56157c986e77cab0,2026-06,5.0,0.4,1.0,1.791759469228055,low_engagement
2026-06-23,client_a60a11451483af1c,content_f2549ed87101aa5c,2026-06,5.0,0.4,1.0,1.791759469228055,low_engagement
2026-06-23,client_a60a11451483af1c,content_41619ea07c54f5d2,2026-06,5.0,0.4,1.0,1.791759469228055,low_engagement
2026-06-23,client_a60a11451483af1c,content_14c8277f8dfe012b,2026-06,5.0,0.4,1.0,1.791759469228055,low_engagement
2026-06-23,client_a60a11451483af1c,content_8db95538445e9446,2026-06,5.0,0.4,1.0,1.791759469228055,low_engagement
2026-06-23,client_a60a11451483af1c,content_bfb59f4fe70a0926,2026-06,5.0,0.4,1.0,1.791759469228055,low_engagement
2026-06-23,client_a60a11451483af1c,content_d426f22094d49e84,2026-06,5.0,0.4,1.0,1.791759469228055,low_engagement
2026-06-23,client_a60a11451483af1c,content_97c29af0d23b4590,2026-06,5.0,0.4,1.0,1.791759469228055,low_engagement
2026-06-23,client_a60a11451483af1c,content_7bcbbf7713740471,2026-06,5.0,0.4,1.0,1.791759469228055,low_engagement
2026-06-23,client_a60a11451483af1c,content_ad8b8b046cd0c166,2026-06,5.0,0.4,1.0,1.791759469228055,low_engagement
2026-06-23,client_a60a11451483af1c,content_331ce21008a060a8,2026-06,5.0,0.4,1.0,1.791759469228055,low_engagement
2026-06-23,client_a60a11451483af1c,content_dbfe5024d286b45f,2026-06,5.0,0.4,1.0,1.791759469228055,low_engagement
2026-06-21,client_e547b89c05043229,content_425a23ff83f9f448,2026-06,1245.0,0.00963855421686747,0.999440836940837,7.1276936993473985,visible_low_ctr
2026-06-01,client_e5c2aa26a8598242,content_ef7013c86d07aa99,2026-06,5711.0,0.006478725267028541,0.999440836940837,8.65032450401942,visible_low_ctr
2026-06-21,client_73cda7b4e4f265ea,content_e241d6415ac9e534,2026-06,2722.0,0.0036737692872887582,0.999440836940837,7.909489492673759,visible_low_ctr
2026-06-29,client_73cda7b4e4f265ea,content_d05e0430fd90baa6,2026-06,1807.0,0.004427227448810182,0.9991979219610799,7.4999765409521215,visible_low_ctr
2026-06-14,client_73cda7b4e4f265ea,content_44aa58c15213aa83,2026-06,2348.0,0.0034071550255536627,0.9991979219610799,7.761744984658913,visible_low_ctr
2026-06-04,client_23a62021009f63c4,content_68d2e449382ab455,2026-06,2216.0,0.013086642599277979,0.9991979219610799,7.7039102096163115,low_engagement
2026-06-22,client_73cda7b4e4f265ea,content_3b8638bf882420e3,2026-06,2165.0,0.006004618937644342,0.9991979219610799,7.680637427560936,visible_low_ctr|low_engagement
2026-06-10,client_73cda7b4e4f265ea,content_456b4254b508afe3,2026-06,1539.0,0.004548408057179987,0.9991979219610799,7.3395376954076745,visible_low_ctr|low_engagement
2026-06-04,client_73cda7b4e4f265ea,content_75a700ed65ccf13f,2026-06,2599.0,0.005001923816852636,0.9991979219610799,7.8632667240095735,visible_low_ctr
2026-06-12,client_e5c2aa26a8598242,content_0706a728ff0e2a99,2026-06,1044.0,0.004789272030651341,0.9991475576129042,6.951772164398911,visible_low_ctr
2026-06-10,client_a80fca3f171ed1de,content_a280a6598b46e6b3,2026-06,2010.0,0.0014925373134328358,0.9991053241364445,7.606387389772652,visible_low_ctr
2026-06-09,client_73cda7b4e4f265ea,content_a503431efe530d6a,2026-06,5196.0,0.0013471901462663587,0.9990717202419331,8.555836815008442,visible_low_ctr
2026-06-02,client_0fa64a184f18a4a0,content_1c2c41e319bb7a6a,2026-06,1205.0,0.02074688796680498,0.9989862914862914,7.095064377287131,monitor
2026-06-01,client_0fa64a184f18a4a0,content_e79f8b4c16bbb7e7,2026-06,1906.0,0.006820566631689402,0.9989862914862914,7.553286605600419,visible_low_ctr
2026-06-02,client_73cda7b4e4f265ea,content_43a65cca6b2dc158,2026-06,669.0,0.01046337817638266,0.9989851560036329,6.507277712385012,low_engagement
2026-06-03,client_0fa64a184f18a4a0,content_809ab284e58267ee,2026-06,717.0,0.011157601115760111,0.998975545730865,6.576469569048224,monitor
2026-06-12,client_e5c2aa26a8598242,content_c638f20a9f2e23c9,2026-06,1746.0,0.003436426116838488,0.9989473478328901,7.465655310134056,visible_low_ctr
2026-06-06,client_73cda7b4e4f265ea,content_557fcbc2734f343f,2026-06,527.0,0.007590132827324478,0.9989295635207036,6.269096283706261,visible_low_ctr
2026-06-08,client_a80fca3f171ed1de,content_2ec6a49f83a3d25e,2026-06,1299.0,0.005388760585065435,0.9989065937574825,7.170119543449628,visible_low_ctr
2026-06-12,client_e547b89c05043229,content_96d97df9a573f464,2026-06,425.0,0.018823529411764704,0.9988635569200435,6.054439346269371,monitor
2026-06-01,client_20259bd6705d81d4,content_6c0351d021143c7a,2026-06,945.0,0.020105820105820106,0.9987590187590187,6.852242569051878,monitor
2026-06-11,client_73cda7b4e4f265ea,content_6c6a69876c8dd2d3,2026-06,865.0,0.006936416184971098,0.9987433765065343,6.763884908562435,visible_low_ctr
2026-06-22,client_73cda7b4e4f265ea,content_18effdf03138153d,2026-06,1974.0,0.007598784194528876,0.9987433765065343,7.5883236773352225,visible_low_ctr
2026-06-03,client_73cda7b4e4f265ea,content_0327a4db985497ea,2026-06,796.0,0.008793969849246231,0.9987433765065343,6.680854678790215,visible_low_ctr
2026-06-10,client_73cda7b4e4f265ea,content_f0c55efedf3ed34f,2026-06,429.0,0.011655011655011656,0.9986206419402863,6.063785208687608,low_engagement
2026-06-05,client_b77d0d5f08f05e64,content_ac1ddc0c0e79289f,2026-06,2074.0,0.009161041465766635,0.9986171747873875,7.637716432664798,visible_low_ctr
2026-06-30,client_73cda7b4e4f265ea,content_928c585777e875ab,2026-06,2535.0,0.005128205128205128,0.9984891959700885,7.8383433155571165,visible_low_ctr|low_engagement
2026-06-01,client_73cda7b4e4f265ea,content_9a808a0e8a0846d9,2026-06,1846.0,0.008125677139761646,0.9984891959700885,7.52131798019924,visible_low_ctr|low_engagement
2026-06-09,client_73cda7b4e4f265ea,content_6a9c79f55413b447,2026-06,869.0,0.005753739930955121,0.9984867540700972,6.76849321164863,visible_low_ctr
2026-06-11,client_73cda7b4e4f265ea,content_6d1435f76c4c1887,2026-06,416.0,0.009615384615384616,0.998441269742977,6.0330862217988015,visible_low_ctr|low_engagement
2026-06-28,client_73cda7b4e4f265ea,content_1d63e464d261f25f,2026-06,549.0,0.007285974499089253,0.9984186217382661,6.309918278226516,visible_low_ctr|low_engagement
2026-06-20,client_73cda7b4e4f265ea,content_2893ed47cfeea9a7,2026-06,1271.0,0.0055074744295830055,0.9983996957969999,7.148345743900068,visible_low_ctr|low_engagement
2026-06-30,client_73cda7b4e4f265ea,content_2bd92a2100901bc6,2026-06,994.0,0.002012072434607646,0.9983515397682023,6.902742737158593,visible_low_ctr
2026-06-23,client_0fa64a184f18a4a0,content_a4f6ae139e17a390,2026-06,1225.0,0.009795918367346938,0.9982533061992248,7.111512116496157,visible_low_ctr
2026-06-01,client_73cda7b4e4f265ea,content_0ac1cb61c13b00b0,2026-06,2220.0,0.0036036036036036037,0.9982457902146754,7.7057128238944275,visible_low_ctr
2026-06-07,client_73cda7b4e4f265ea,content_0e3f93e573464a71,2026-06,3476.0,0.0034522439585730723,0.9980191917271755,8.153925132007862,visible_low_ctr|low_engagement
2026-06-06,client_73cda7b4e4f265ea,content_da4726a6aced1c83,2026-06,2590.0,0.0034749034749034747,0.9978874302847345,7.85979918056211,visible_low_ctr|low_engagement
2026-06-04,client_73cda7b4e4f265ea,content_5db11016dfbd608b,2026-06,1064.0,0.006578947368421052,0.997847484740142,6.970730078143525,visible_low_ctr|low_engagement
2026-06-21,client_e5c2aa26a8598242,content_8688bf78ada3963f,2026-06,609.0,0.008210180623973728,0.9977787390356535,6.413458957167357,visible_low_ctr|low_engagement
2026-06-13,client_2094c6eb080311d5,content_63eb9381a2e8b5fc,2026-06,569.0,0.008787346221441126,0.9976322768827037,6.345636360828596,visible_low_ctr
2026-06-07,client_73cda7b4e4f265ea,content_fa19b056cd7a49a4,2026-06,4030.0,0.0024813895781637717,0.9975038700227067,8.301769763117166,visible_low_ctr|low_engagement
2026-06-11,client_73cda7b4e4f265ea,content_dea32e8086fd795c,2026-06,1742.0,0.003444316877152698,0.9975038700227067,7.463363045520021,visible_low_ctr|low_engagement
2026-06-13,client_a80fca3f171ed1de,content_7df40cc5e3dfc646,2026-06,1423.0,0.006324666198172874,0.9975038700227067,7.261225091971921,visible_low_ctr|low_engagement
2026-06-02,client_73cda7b4e4f265ea,content_1cc36e42d9f0bdcc,2026-06,534.0,0.0056179775280898875,0.9974975444281243,6.282266746896006,visible_low_ctr
2026-06-15,client_20259bd6705d81d4,content_11d6aed8b82929bc,2026-06,503.0,0.04572564612326044,0.9973544506902716,6.222576268071369,monitor
2026-06-04,client_73cda7b4e4f265ea,content_dee34a2aa25f2228,2026-06,777.0,0.005148005148005148,0.9972906962381054,6.656726524178391,visible_low_ctr
2026-06-23,client_73cda7b4e4f265ea,content_394af074144d0fd3,2026-06,1201.0,0.005828476269775187,0.9972772192788146,7.091742115095153,visible_low_ctr|low_engagement
2026-06-14,client_e5c2aa26a8598242,content_bfac125a1a2454c3,2026-06,833.0,0.008403361344537815,0.9972772192788146,6.726233402358747,visible_low_ctr|low_engagement
2026-06-17,client_73cda7b4e4f265ea,content_c52bbbd017bc4562,2026-06,907.0,0.011025358324145534,0.9972071912676101,6.811244378601294,low_engagement
2026-06-29,client_73cda7b4e4f265ea,content_ce4f8e9bc0e19230,2026-06,903.0,0.018826135105204873,0.9972071912676101,6.806829360392176,low_engagement
2026-06-05,client_73cda7b4e4f265ea,content_9de22312e57743b6,2026-06,502.0,0.00796812749003984,0.9969666110151876,6.220590170099739,visible_low_ctr
2026-06-26,client_e5c2aa26a8598242,content_f6428fe183a7ef6f,2026-06,1043.0,0.004793863854266539,0.9967240553240295,6.950814768442584,visible_low_ctr|low_engagement
2026-06-07,client_e5c2aa26a8598242,content_47a1c9848bdaad11,2026-06,2780.0,0.008633093525179856,0.9967195562972165,7.930565854233965,visible_low_ctr|low_engagement
2026-06-14,client_e5c2aa26a8598242,content_47a1c9848bdaad11,2026-06,1686.0,0.008896797153024912,0.9967195562972165,7.430707082545968,visible_low_ctr|low_engagement
2026-06-22,client_73cda7b4e4f265ea,content_5267d90f451c6edc,2026-06,1411.0,0.007087172218284904,0.9967195562972165,7.252762418053187,visible_low_ctr|low_engagement
2026-06-01,client_e5c2aa26a8598242,content_155b20646ca539f4,2026-06,1422.0,0.016877637130801686,0.9967195562972165,7.260522598089852,low_engagement
2026-06-14,client_e547b89c05043229,content_96af3a6cd3646795,2026-06,2004.0,0.0014970059880239522,0.9967195562972165,7.60339933974067,visible_low_ctr|low_engagement
2026-06-03,client_e547b89c05043229,content_4956564cd5565bfd,2026-06,481.0,0.008316008316008316,0.9966842527620385,6.1779441140506,visible_low_ctr
2026-06-09,client_e5c2aa26a8598242,content_96e7be677234110b,2026-06,1913.0,0.004181913225300575,0.9966511760039228,7.5569505720129,visible_low_ctr|low_engagement
2026-06-08,client_e5c2aa26a8598242,content_0706a728ff0e2a99,2026-06,1183.0,0.0033812341504649195,0.9966410677721623,7.076653815443951,visible_low_ctr|low_engagement
2026-06-23,client_e547b89c05043229,content_32afd9f71e6f02ec,2026-06,342.0,0.014619883040935672,0.9966190209086535,5.8377304471659395,monitor
2026-06-01,client_0fa64a184f18a4a0,content_6fb30f433b607ae9,2026-06,472.0,0.00847457627118644,0.9966159462143973,6.159095388491933,visible_low_ctr
2026-06-06,client_73cda7b4e4f265ea,content_e150538b64b966b8,2026-06,441.0,0.011337868480725623,0.9965153749907407,6.091309882077698,monitor
2026-06-25,client_73cda7b4e4f265ea,content_9bade3c39bff7f51,2026-06,692.0,0.0072254335260115606,0.996509229570593,6.541029999189903,visible_low_ctr|low_engagement
2026-06-24,client_73cda7b4e4f265ea,content_44c5f3ad89f101f2,2026-06,950.0,0.003157894736842105,0.9964948678156225,6.85751406254539,visible_low_ctr
2026-06-19,client_73cda7b4e4f265ea,content_a2e503bedbeb08b0,2026-06,1449.0,0.006211180124223602,0.9964628945727363,7.27931883541462,visible_low_ctr|low_engagement
2026-06-10,client_86ebc2f12c01f586,content_e2e0d5cdb45a294f,2026-06,395.0,0.015189873417721518,0.9964430311454322,5.981414211254481,monitor
2026-06-11,client_73cda7b4e4f265ea,content_8e3fb31c3a48cf1a,2026-06,370.0,0.016216216216216217,0.9963761059288965,5.916202062607435,monitor
2026-06-23,client_73cda7b4e4f265ea,content_40a9a9c500dbbd10,2026-06,1505.0,0.004651162790697674,0.9962823235188948,7.317212408359839,visible_low_ctr|low_engagement
2026-06-07,client_73cda7b4e4f265ea,content_3945c67085dca540,2026-06,1616.0,0.008044554455445545,0.9961370320253718,7.388327859577107,visible_low_ctr|low_engagement
2026-06-03,client_73cda7b4e4f265ea,content_ce4f8e9bc0e19230,2026-06,828.0,0.006038647342995169,0.9960768342377173,6.720220155135295,visible_low_ctr
2026-06-19,client_73cda7b4e4f265ea,content_bbf1d587917e158a,2026-06,1334.0,0.005997001499250375,0.9960052705829309,7.19668657083435,visible_low_ctr|low_engagement
2026-06-25,client_e547b89c05043229,content_7de2236ec61ba4c5,2026-06,1736.0,0.008640552995391706,0.995880230880231,7.459914766241105,visible_low_ctr
2026-06-01,client_e5c2aa26a8598242,content_0ae35356e2449386,2026-06,586.0,0.006825938566552901,0.9958738579342767,6.375024819828097,visible_low_ctr|low_engagement
2026-06-19,client_e547b89c05043229,content_e01fcca334199f7a,2026-06,847.0,0.011806375442739079,0.9957814781394818,6.742880635791903,low_engagement
2026-06-12,client_73cda7b4e4f265ea,content_7a54f578af916e12,2026-06,1264.0,0.0007911392405063291,0.9957562209657054,7.142827401161621,visible_low_ctr
2026-06-07,client_73cda7b4e4f265ea,content_120f7f0dcdd7d4b8,2026-06,1469.0,0.0006807351940095302,0.9956327811654119,7.293017679772782,visible_low_ctr
2026-06-15,client_e547b89c05043229,content_4f337ede86df7103,2026-06,972.0,0.0030864197530864196,0.9956250809420061,6.880384082186005,visible_low_ctr
2026-06-04,client_73cda7b4e4f265ea,content_58e0e40d594fa74f,2026-06,483.0,0.012422360248447204,0.9955556376287801,6.182084906716632,low_engagement
2026-06-15,client_73cda7b4e4f265ea,content_613ca35d3daf706f,2026-06,564.0,0.0070921985815602835,0.9955551017836575,6.336825731146441,visible_low_ctr|low_engagement
2026-06-23,client_73cda7b4e4f265ea,content_5d8ef9c978be2fe9,2026-06,1623.0,0.0018484288354898336,0.9955161581302562,7.392647520721623,visible_low_ctr|low_engagement
2026-06-17,client_73cda7b4e4f265ea,content_0335a64de549b4d0,2026-06,600.0,0.008333333333333333,0.9955015093048714,6.398594934535208,visible_low_ctr
2026-06-11,client_e547b89c05043229,content_ec2e0346994fb5a5,2026-06,1424.0,0.004213483146067416,0.9954413323847544,7.261927092702751,visible_low_ctr
2026-06-30,client_e547b89c05043229,content_3197ca53dee7ed51,2026-06,314.0,0.01592356687898089,0.9953757458474878,5.752572638825633,monitor
2026-06-29,client_e547b89c05043229,content_55ab053e18cffee7,2026-06,323.0,0.015479876160990712,0.9952727547791504,5.780743515792329,monitor
2026-06-06,client_73cda7b4e4f265ea,content_b9a5b6bb56f16788,2026-06,1200.0,0.0016666666666666668,0.9952372555910156,7.0909098220799835,visible_low_ctr
2026-06-18,client_73cda7b4e4f265ea,content_8fd944efef262b18,2026-06,1455.0,0.004810996563573883,0.9951240847410011,7.283448228756631,visible_low_ctr
2026-06-06,client_73cda7b4e4f265ea,content_e905a3e68f395962,2026-06,2480.0,0.0016129032258064516,0.995079788666275,7.816416983691801,visible_low_ctr|low_engagement
2026-06-30,client_06d356715a8ff3b6,content_41c97a4d6e05518e,2026-06,995.0,0.006030150753768844,0.9950683698413262,6.903747257584598,visible_low_ctr|low_engagement
2026-06-07,client_23a62021009f63c4,content_d6ae054cead18476,2026-06,682.0,0.007331378299120235,0.9950681347313552,6.52649485957079,visible_low_ctr
2026-06-29,client_86ebc2f12c01f586,content_edbc79afec0ec64a,2026-06,1572.0,0.004452926208651399,0.995021265678933,7.360739903058278,visible_low_ctr|low_engagement
2026-06-30,client_73cda7b4e4f265ea,content_e92b45fa68bef0df,2026-06,320.0,0.01875,0.9950004900902287,5.771441123130016,monitor
2026-06-13,client_0fa64a184f18a4a0,content_6fb30f433b607ae9,2026-06,633.0,0.007898894154818325,0.9949368919437674,6.452048954437226,visible_low_ctr|low_engagement
2026-06-09,client_73cda7b4e4f265ea,content_2d93347460bc8cf8,2026-06,1153.0,0.006071118820468344,0.994788224500079,7.050989447068045,visible_low_ctr|low_engagement
2026-06-07,client_73cda7b4e4f265ea,content_6a9c79f55413b447,2026-06,1230.0,0.0024390243902439024,0.994788224500079,7.115582126184454,visible_low_ctr|low_engagement
2026-06-14,client_73cda7b4e4f265ea,content_843e9f078eff48d1,2026-06,934.0,0.004282655246252677,0.994788224500079,6.840546529288687,visible_low_ctr|low_engagement
2026-06-23,client_e547b89c05043229,content_57ebe69acfd580c9,2026-06,660.0,0.007575757575757576,0.994769812332651,6.493753839851686,visible_low_ctr
2026-06-09,client_23a62021009f63c4,content_46e7bf6f00c66230,2026-06,665.0,0.006015037593984963,0.9946518587107949,6.501289670540389,visible_low_ctr
2026-06-26,client_23a62021009f63c4,content_5afefe3eb573d036,2026-06,451.0,0.004434589800443459,0.9946511167576406,6.113682179832232,visible_low_ctr
2026-06-21,client_73cda7b4e4f265ea,content_9edc84b1dbe483b5,2026-06,545.0,0.003669724770642202,0.9944852796438901,6.302618975744905,visible_low_ctr|low_engagement
2026-06-12,client_73cda7b4e4f265ea,content_dbbc587923debc96,2026-06,1168.0,0.0059931506849315065,0.9944172555804001,7.063903961472068,visible_low_ctr|low_engagement
2026-06-05,client_23a62021009f63c4,content_945381908cb566d4,2026-06,846.0,0.008274231678486997,0.9942984495145734,6.741700694652055,visible_low_ctr
2026-06-09,client_06d356715a8ff3b6,content_7c1012aea2d82fc5,2026-06,1007.0,0.007944389275074478,0.9942290738255148,6.915723448631314,visible_low_ctr|low_engagement
2026-06-22,client_73cda7b4e4f265ea,content_fa378e6fdf16c926,2026-06,1564.0,0.00319693094629156,0.9942082931179521,7.355641102974253,visible_low_ctr|low_engagement
2026-06-21,client_73cda7b4e4f265ea,content_daf9c90dfc89c49b,2026-06,813.0,0.004920049200492005,0.9941762917249782,6.70196036600254,visible_low_ctr|low_engagement
2026-06-02,client_06d356715a8ff3b6,content_97c5db697fa1e0e3,2026-06,660.0,0.0030303030303030303,0.9941256894701508,6.493753839851686,visible_low_ctr|low_engagement
2026-06-13,client_e547b89c05043229,content_3f85815c6af7b312,2026-06,746.0,0.005361930294906166,0.9940583669896519,6.616065185132817,visible_low_ctr|low_engagement
2026-06-29,client_23a62021009f63c4,content_dace06db0bc355b6,2026-06,576.0,0.008680555555555556,0.994016307868068,6.3578422665081,visible_low_ctr|low_engagement
2026-06-23,client_e547b89c05043229,content_3d4b913ae2cd04d1,2026-06,448.0,0.004464285714285714,0.9939190880937011,6.1070228877422545,visible_low_ctr
2026-06-15,client_a80fca3f171ed1de,content_d20e0e23e3ae7b51,2026-06,808.0,0.0037128712871287127,0.9938926869581124,6.695798917058491,visible_low_ctr
2026-06-01,client_0fa64a184f18a4a0,content_d96359f96552241b,2026-06,2899.0,0.0027595722662987236,0.9938527483365148,7.9724660159745655,visible_low_ctr|low_engagement
2026-06-16,client_a80fca3f171ed1de,content_2ec6a49f83a3d25e,2026-06,1512.0,0.003968253968253968,0.9937943601426896,7.321849713788356,visible_low_ctr|low_engagement
2026-06-02,client_a80fca3f171ed1de,content_7df40cc5e3dfc646,2026-06,1441.0,0.006939625260235947,0.9937433765065343,7.273786317844895,visible_low_ctr
2026-06-09,client_73cda7b4e4f265ea,content_529653684b77a50e,2026-06,1136.0,0.0044014084507042256,0.993429694322112,7.036148493750536,visible_low_ctr|low_engagement
2026-06-11,client_06d356715a8ff3b6,content_221a05e56f74a702,2026-06,2096.0,0.00715648854961832,0.9933862229638832,7.64826303090192,visible_low_ctr|low_engagement
2026-06-16,client_a80fca3f171ed1de,content_a280a6598b46e6b3,2026-06,2011.0,0.002486325211337643,0.9932038987764347,7.60688453121963,visible_low_ctr
2026-06-11,client_73cda7b4e4f265ea,content_56a905a87294e914,2026-06,479.0,0.014613778705636743,0.9931572612105722,6.173786103901937,low_engagement
2026-06-09,client_a80fca3f171ed1de,content_f971e39b09bfe03c,2026-06,507.0,0.005917159763313609,0.9931572612105722,6.230481447578482,visible_low_ctr|low_engagement
2026-06-29,client_73cda7b4e4f265ea,content_ca7bf07b4f7d26c8,2026-06,288.0,0.013888888888888888,0.9930395067345584,5.666426688112432,monitor
2026-06-03,client_73cda7b4e4f265ea,content_4c6598e1e14d8432,2026-06,685.0,0.00291970802919708,0.9930150908144205,6.530877627725885,visible_low_ctr|low_engagement
2026-06-18,client_e5c2aa26a8598242,content_503e635a5e38a1ce,2026-06,1640.0,0.0024390243902439024,0.9929420593517184,7.403061091090091,visible_low_ctr|low_engagement
2026-06-02,client_1a730cb2640a1abf,content_3681c60acc49fb6f,2026-06,462.0,0.006493506493506494,0.9928211540145664,6.137727054086234,visible_low_ctr|low_engagement
2026-06-19,client_73cda7b4e4f265ea,content_9db1426a315b5f08,2026-06,382.0,0.010471204188481676,0.9928197597643195,5.948034989180646,monitor
2026-06-21,client_e547b89c05043229,content_629b2d2f28c32b39,2026-06,1304.0,0.005368098159509203,0.9927997398186983,7.173958319756794,visible_low_ctr
2026-06-11,client_e5c2aa26a8598242,content_8688bf78ada3963f,2026-06,830.0,0.0036144578313253013,0.992774126958999,6.7226297948554485,visible_low_ctr|low_engagement
2026-06-18,client_e547b89c05043229,content_11f9d9d7555f3d75,2026-06,1716.0,0.0017482517482517483,0.9927055230974797,7.448333860897476,visible_low_ctr
2026-06-23,client_73cda7b4e4f265ea,content_c651a4a1c068ed32,2026-06,778.0,0.002570694087403599,0.9926358313277237,6.658011045870748,visible_low_ctr
2026-06-10,client_73cda7b4e4f265ea,content_95b60e17c0a2771f,2026-06,591.0,0.005076142131979695,0.9926036596465906,6.3835066348840055,visible_low_ctr|low_engagement
2026-06-23,client_a80fca3f171ed1de,content_f8758c939c0b9034,2026-06,1972.0,0.009634888438133874,0.9925216450216449,7.587310506022615,visible_low_ctr
2026-06-09,client_e547b89c05043229,content_c9590a5193a2f679,2026-06,727.0,0.0068775790921595595,0.9923626957911691,6.590301048196686,visible_low_ctr|low_engagement
2026-06-28,client_e547b89c05043229,content_549c4c079b7825ad,2026-06,730.0,0.0013698630136986301,0.9923626957911691,6.594413459749778,visible_low_ctr|low_engagement
2026-06-29,client_73cda7b4e4f265ea,content_3a46c502f6135d0e,2026-06,926.0,0.004319654427645789,0.9922645092694548,6.831953565565855,visible_low_ctr|low_engagement
2026-06-05,client_e5c2aa26a8598242,content_4bfa6e6e6d9f3f5d,2026-06,1842.0,0.0027144408251900108,0.9922277736374328,7.519149957669823,visible_low_ctr|low_engagement
2026-06-04,client_73cda7b4e4f265ea,content_06de5368fbd3bf99,2026-06,1617.0,0.008039579468150896,0.9921338194341078,7.388946097618437,visible_low_ctr|low_engagement
2026-06-09,client_73cda7b4e4f265ea,content_615bb72b480271a8,2026-06,577.0,0.005199306759098787,0.9920359307108438,6.359573868672378,visible_low_ctr
2026-06-24,client_73cda7b4e4f265ea,content_e31c12216aec472b,2026-06,905.0,0.004419889502762431,0.9918929631577521,6.80903930604298,visible_low_ctr|low_engagement
2026-06-29,client_73cda7b4e4f265ea,content_edd2afee4966bf2c,2026-06,1034.0,0.004835589941972921,0.9918866011699831,6.942156705699469,visible_low_ctr|low_engagement
2026-06-03,client_73cda7b4e4f265ea,content_0d6905b49fa1729c,2026-06,786.0,0.001272264631043257,0.9918679622255392,6.668228248417403,visible_low_ctr|low_engagement
2026-06-09,client_73cda7b4e4f265ea,content_c8eb71a24ac6b33f,2026-06,489.0,0.012269938650306749,0.9918557758031441,6.194405391104672,monitor
2026-06-22,client_73cda7b4e4f265ea,content_30f2175b8f9686dc,2026-06,525.0,0.0038095238095238095,0.9918075763125094,6.26530121273771,visible_low_ctr
2026-06-21,client_e547b89c05043229,content_9e4ba661e853e43c,2026-06,927.0,0.005393743257820928,0.991672638475456,6.833031732786201,visible_low_ctr
